X,Y,label
0.332021926,0.90223655,1
0.176233496,-0.139451972,2
0.020131507,0.016291981,2
-0.67942511,0.840920575,1
2.002977641,-0.179410911,2
0.031261979,0.0828629,2
1.078083396,-0.553910729,2
0.439528382,-0.426729355,2
1.921962886,0.06018735,2
1.007252361,0.090902512,1
0.336009428,-0.240832114,2
1.161958134,-0.453271942,2
0.61593914,0.576737854,1
0.819423914,0.436228373,1
-0.633704479,0.851541414,1
2.002638913,0.087390948,2
0.071396527,1.018411396,1
1.950542533,0.308702511,2
1.193206091,-0.579080056,2
0.164591457,-0.172943057,2
1.862744323,0.131544,2
0.321838067,-0.168895092,2
-0.887771605,0.567494821,1
1.145330114,-0.522164887,2
0.234129978,0.209596933,2
0.632572801,-0.407154999,2
0.095757703,1.057615943,1
0.006951866,0.048416557,2
0.10594127,0.927751087,1
1.926243178,0.260091699,2
0.333409334,-0.175800576,2
0.168088698,0.220725046,2
1.976072392,0.422670397,2
1.772142554,-0.340048224,2
0.243961004,0.477907789,2
0.210884086,1.00813379,1
0.122281125,0.405964457,2
0.947791864,0.570548772,1
-0.064607247,0.945432901,1
-0.91699413,0.054051921,1
1.079539179,0.072874803,1
0.455048253,-0.534687444,2
0.16625735,-0.178566969,2
1.072781476,0.101241127,1
1.364230819,-0.451171346,2
-0.041737786,1.005159378,1
0.548314703,0.919819432,1
0.481357617,0.674254335,1
1.928363584,-0.21634659,2
0.15757628,0.063945206,2
1.139758353,-0.499980677,2
0.593674083,-0.37379336,2
0.968576446,0.098958896,1
-0.22880823,1.016704609,1
0.660690061,0.89487867,1
-0.974849416,0.226815156,1
0.225335224,0.857532143,1
1.742903522,0.007502293,2
0.086866222,0.488788297,2
1.251682842,-0.454820848,2
-0.733730474,0.507906548,1
1.092285605,-0.483191516,2
0.074480311,0.06272865,2
0.670395224,-0.428705578,2
1.153069416,0.140456562,1
-0.761414773,0.623129831,1
-1.02403308,0.341270376,1
0.401383666,-0.139286861,2
-0.04748246,0.967838508,1
0.274266272,0.879736541,1
0.668983788,0.857932048,1
-0.845532319,0.325136296,1
1.845015452,0.107975416,2
1.581546841,-0.348025851,2
0.62532666,0.959408114,1
1.359912413,-0.487076734,2
0.730159262,0.464974573,1
0.759961463,0.364956591,1
1.875380079,-0.12218489,2
0.902206351,-0.609284999,2
-0.89816401,0.136270785,1
1.060573907,0.385654389,1
0.385877412,0.977718097,1
0.148856265,0.083336689,2
1.543605727,-0.303677509,2
0.747024196,0.7844844,1
1.560178406,-0.289442916,2
0.706703165,0.692806767,1
0.199018365,0.963843705,1
0.56475841,0.884321858,1
1.015890446,0.152825785,1
-0.066972069,0.479982696,2
0.98715132,0.49191775,1
0.750124857,-0.32738638,2
1.120264107,-0.610569661,2
2.08645015,0.520325643,2
1.925021199,0.176637226,2
1.177392551,0.259471733,1
1.945904981,0.088261046,2
0.713853,0.786682033,1
2.063940938,0.403376694,2
0.320188796,-0.413563805,2
-0.191004212,1.017079839,1
1.186688848,-0.441786414,2
0.962576047,0.002407352,1
-1.197961185,0.421929773,1
0.028131636,0.065002647,2
1.372997075,-0.559006042,2
0.322125646,-0.080891359,2
-0.882989323,0.403729458,1
0.206972711,1.13889887,1
1.717655303,0.139361468,2
-1.187962767,0.195611934,1
0.172580014,0.195187308,2
1.171286033,-0.441808695,2
-0.523445248,0.762505273,1
1.852231361,0.308905356,2
0.963165517,0.188998291,1
-0.474267695,0.87335425,1
0.931607862,-0.079809279,1
-0.860208476,0.37209701,1
1.008750434,0.160734212,1
0.079080534,0.164336401,2
0.889002973,0.399209091,1
1.455577931,-0.501013845,2
0.077890831,0.188632561,2
-0.978905816,-0.060176492,1
0.517480084,-0.47658283,2
-0.733237657,0.635192752,1
0.059863859,-0.141642901,2
-0.88684386,0.483482709,1
0.943982157,0.410979951,1
0.782695456,0.631578611,1
0.756971301,0.594446003,1
1.870350509,0.217197309,2
0.035057083,0.947172622,1
-1.005868818,-0.079036276,1
0.238009622,-0.244519564,2
-0.765536489,0.677409397,1
0.63009365,0.692285465,1
1.525378508,-0.415483197,2
-0.670995622,0.664285476,1
0.91774533,-0.558092698,2
-0.216581721,0.986174043,1
0.909350534,0.19007632,1
-0.544591837,1.046527592,1
0.455407329,0.960941997,1
0.88986223,0.284996817,1
1.836034213,-0.182577452,2
1.97728121,0.092817677,2
0.21998248,0.897120061,1
2.026748901,0.237593522,2
-0.134633448,1.236518326,1
1.493189915,-0.189597687,2
1.139577185,0.077207106,1
-0.659188308,0.7466393,1
0.532890763,0.653868763,1
-0.929718363,0.4436602,1
-0.341254743,1.041765603,1
0.34434301,-0.392550903,2
1.897424759,0.188489464,2
1.871424391,0.029244181,2
0.140901179,0.150488106,2
0.537858735,-0.224625725,2
1.921749591,0.317747487,2
-1.120270321,0.325329272,1
1.369841067,-0.410348297,2
1.996902584,0.085797589,2
-0.723394276,0.728535454,1
0.063443275,0.368662486,2
-0.100088054,0.996758907,1
0.678233894,-0.367653327,2
0.962197264,0.334488697,1
0.845935382,0.648494009,1
-0.058539249,0.913082119,1
1.997487968,0.152748276,2
-0.484254577,0.794966951,1
0.433054257,0.958640607,1
1.663011681,0.056855196,2
0.765425365,0.54120138,1
0.847548039,-0.405901457,2
1.256767272,-0.518354675,2
1.979167111,0.22582023,2
0.713466008,0.603968057,1
1.32954764,-0.586033871,2
0.679705477,-0.510294226,2
0.148123647,-0.407199521,2
-0.992957972,0.241513668,1
0.85055752,0.647088047,1
1.947238762,0.227732218,2
0.796655526,-0.385335224,2
-0.642776569,0.790505471,1
0.245959003,0.754435685,1
-0.303605229,1.028785427,1
-0.994181705,0.393565741,1
0.656631216,-0.517103737,2
2.034997487,0.551577758,2
0.368552439,0.846786818,1
0.200065521,0.080513158,2
1.371576939,-0.382052489,2
-0.267913507,0.522709331,2
-0.30701734,0.922097375,1
0.215711918,1.042807435,1
-0.939626768,0.301497499,1
0.519315948,-0.445824712,2
1.683680174,-0.222938231,2
1.216968348,-0.536326022,2
1.531370429,-0.360020418,2
0.089457233,0.954192047,1
0.588224572,-0.465638815,2
0.608268198,0.868335911,1
-0.698553548,0.748925542,1
0.641061055,0.803136281,1
0.195364631,-0.08521056,2
0.767504463,0.608731187,1
0.331086713,0.941159686,1
0.761174643,-0.443915456,2
0.731127064,0.660959781,1
0.413607136,-0.340795063,2
-0.416147372,0.882816133,1
0.423153506,1.035054564,1
-0.36344793,0.778381093,1
-0.925384203,0.482896667,1
-0.146662298,1.038246555,1
-0.395673738,1.098168891,1
1.478463307,-0.388236824,2
1.893301465,0.351792362,2
1.807984702,-0.101809078,2
0.157533153,0.938833551,1
1.787750895,0.053440213,2
-0.45809064,0.902019078,1
1.089601839,0.01468667,1
1.747999697,0.047975202,2
1.865571496,0.338140805,2
1.705490636,-0.253625712,2
0.114431318,0.045763928,2
0.077885037,0.111570112,2
1.301828469,-0.519529458,2
-0.410603384,1.079716499,1
0.566367288,-0.199012575,2
-0.048747268,1.122294841,1
-0.45081125,0.967189674,1
-1.142602621,0.076000888,1
-1.099600454,0.163466598,1
-0.365939807,0.835990954,1
0.264692873,-0.353714776,2
0.286793103,0.965082439,1
0.434891959,0.930737447,1
-0.865015009,0.165751026,1
0.816065542,0.608414215,1
1.984990611,0.467063779,2
1.58825429,-0.175578441,2
1.748732386,-0.187976864,2
1.632095173,-0.265760611,2
1.714469536,-0.07945129,2
0.976231295,0.215681939,1
1.857208115,0.110224048,2
1.547623194,-0.472331784,2
0.239665853,-0.163037871,2
0.74245422,0.663393077,1
0.038402435,0.218811765,2
1.075578759,-0.031509075,1
-0.15862002,1.005362322,1
-0.035371845,-0.077985565,2
0.163284395,1.068161024,1
0.196033763,0.015524004,2
0.190949905,-0.227123343,2
2.04740107,0.448465162,2
1.410248629,-0.660076782,2
1.694844123,-0.08037804,2
-0.264181205,1.201301901,1
-0.616452818,0.764524006,1
-0.976589631,0.479017827,1
-0.315875368,1.042796032,1
-0.066407899,1.082296417,1
-0.083028467,0.611370614,2
-0.8218321,0.668261613,1
0.802788663,0.631703193,1
1.439109232,-0.422154184,2
-0.131831443,0.425540193,2
1.089867852,-0.50875729,2
0.147985509,-0.210584823,2
1.105771517,-0.300704484,2
0.726145646,0.364295373,1
-0.061118872,0.439777316,2
-0.538210236,0.974671571,1
-0.667124703,0.699856301,1
-0.594806133,0.747448159,1
0.523565566,-0.275112587,2
0.979522677,0.13188422,1
0.886756806,0.503235994,1
1.320779884,-0.271179484,2
0.321009669,-0.240338177,2
0.844787269,0.613023998,1
-1.009515837,0.183321751,1
-0.313400873,1.031021377,1
-1.046450769,-0.032628184,1
-0.631466241,0.88262655,1
0.956349889,-0.553956605,2
-0.775980548,0.757500519,1
0.720508355,-0.454466029,2
0.028015446,0.466610704,2
0.450014867,-0.285871827,2
-0.673233413,0.925764472,1
0.11618551,-0.173500602,2
2.056237458,0.114694518,2
0.454944479,0.97466443,1
0.80477698,0.658317435,1
1.452219975,-0.460116298,2
1.641483625,-0.231829964,2
0.999923547,0.048399418,1
0.03975089,0.219398773,2
0.892393927,0.297323205,1
-0.150014231,0.446269351,2
1.467865609,-0.310386979,2
-1.088876418,0.065701692,1
0.99280853,0.663032925,1
0.319863246,0.998996272,1
0.91825084,-0.298805545,2
1.665319277,-0.324596383,2
-0.435897808,0.853467047,1
1.047602558,-0.624669801,2
0.855449918,0.147007367,1
1.177192919,0.223532578,1
1.772132937,-0.08843879,2
1.031270259,-0.480574447,2
-0.94648009,0.368695827,1
0.673758172,-0.528178716,2
0.645609469,-0.463422572,2
0.869036765,0.46908306,1
0.227374296,-0.182766238,2
1.536212301,-0.159570828,2
1.529892965,-0.411161147,2
-0.086864448,0.341200788,2
-0.938884271,0.419291133,1
0.632293164,0.672429059,1
-0.775205279,0.658165565,1
0.838234173,0.283019932,1
1.066681084,-0.581894861,2
0.839812371,0.456694556,1
2.011480611,0.188622289,2
0.692074276,-0.473063453,2
-0.813699078,0.815753006,1
0.30265813,0.263788529,2
-0.788420651,0.763428269,1
2.005778601,0.229489471,2
1.690764366,-0.269462651,2
0.909734863,-0.021134513,1
1.080046419,-0.666156974,2
-0.876419354,0.218887588,1
0.79471003,0.003504626,1
2.120929176,0.152165893,2
0.812509398,-0.353013963,2
-0.705673902,0.48819326,1
-0.906322926,0.191772757,1
0.140739322,-0.057788604,2
0.480865767,-0.352809777,2
2.011948429,0.280772782,2
0.83825024,-0.069058053,1
-0.717493385,0.794955124,1
0.966221861,-0.438545842,2
0.864148113,0.510032772,1
0.253327199,-0.233360507,2
-0.003627863,0.42096743,2
0.192883511,1.061174003,1
1.031772104,-0.461667428,2
0.889742522,0.267210996,1
0.374001599,1.096398143,1
0.067754685,-0.130517703,2
0.77998072,-0.455720918,2
0.299560485,0.955153102,1
-0.829029159,0.391343472,1
0.497152367,0.903021311,1
-0.772672888,0.777336999,1
0.465891017,-0.448556809,2
1.24981683,-0.45240026,2
0.078409991,1.017231362,1
0.305763555,0.94757877,1
0.178859225,0.319294231,2
0.888718427,0.31690935,1
-1.083974434,0.345361449,1
0.13474146,1.055995033,1
0.852759513,0.125409597,1
0.273025826,-0.146371088,2
-0.982413631,0.27593736,1
0.851353105,-0.490398185,2
0.205930794,-0.308294604,2
-0.080692916,0.975694348,1
0.666685181,-0.440010412,2
1.630141244,-0.331585802,2
0.594069043,0.809691634,1
1.124443247,0.171118808,1
1.895728762,-0.020736458,2
0.483397228,-0.411708899,2
0.474877622,-0.457036886,2
-0.373455942,0.893819675,1
0.406722846,0.751044349,1
1.872937617,-0.016143407,2
1.617551548,-0.131756294,2
-0.321194549,0.978159663,1
-0.280948801,0.847987847,1
0.894649447,0.632668476,1
1.863335354,-0.056575248,2
0.580512189,0.851000097,1
-0.607197997,0.754336092,1
0.025951673,1.035854422,1
-0.001997467,0.989240214,1
0.63764374,0.655134689,1
0.912464123,-0.601641819,2
0.862350848,-0.504406667,2
0.876616064,0.502266127,1
1.867581489,-0.051688598,2
-0.293451017,0.911279026,1
0.885497247,-0.646565565,2
-0.219552198,0.905929377,1
0.448783615,0.848670148,1
0.311807844,-0.084127948,2
0.798937505,-0.525898592,2
0.622913723,-0.253627215,2
-1.058874426,0.193802194,1
1.198019424,-0.312198239,2
0.664030976,0.784728736,1
-0.140170117,0.489679062,2
0.557446291,0.856830293,1
1.300376871,-0.480981883,2
-0.06203107,0.828563717,1
-0.850691982,0.561395273,1
-0.571746793,0.811660811,1
1.070397222,-0.607016881,2
-0.20109537,1.025005535,1
1.229132827,-0.499332696,2
0.614235541,0.727609538,1
0.895168493,0.43551702,1
0.895325709,-0.5236183,2
0.286998232,-0.031310343,2
0.01911227,0.802269569,1
0.662677642,-0.400320412,2
-0.238938056,0.783643915,1
-0.516674168,0.870394179,1
-0.127860711,1.106021597,1
0.146328667,0.115362543,2
1.976936215,0.114438324,2
0.648489917,-0.511439432,2
-0.555049234,0.907985219,1
1.060901019,0.130225164,1
0.759113557,0.521005282,1
-0.914380113,0.055710903,1
0.362387259,1.066862951,1
0.245580608,0.946678845,1
-0.735436128,0.72697086,1
0.772991154,0.833378756,1
-1.085286254,-0.002301264,1
0.045333214,0.938019754,1
0.701870036,-0.551450258,2
1.821778619,0.03315804,2
0.163058586,-0.096566607,2
1.35573524,-0.29931951,2
-1.014590059,0.232764434,1
1.851664676,0.126852226,2
0.204117854,-0.083921278,2
-0.35360688,1.029647904,1
0.860151385,-0.493100233,2
0.172423656,0.934421282,1
0.666959365,0.775628507,1
-0.649659791,0.783091423,1
1.065004012,0.136287904,1
1.217029857,-0.556454015,2
1.925378292,0.415306437,2
1.985427416,0.406256521,2
0.013726812,0.860911654,1
0.923075799,-0.497021356,2
-1.113138581,0.024587229,1
0.849130708,-0.528974736,2
-0.735630478,0.491173539,1
0.934565419,-0.487732031,2
0.587537008,0.901451321,1
1.771772339,-0.10293447,2
1.619935564,-0.306449851,2
0.352972121,-0.345176995,2
-0.963899023,0.22797165,1
1.930387133,0.434712535,2
0.121497552,0.247519819,2
0.034374532,0.366903869,2
1.613987217,-0.269141182,2
0.057731991,0.945129059,1
1.024885506,0.314295556,1
-1.27513716,0.161590847,1
-0.921869394,0.721574782,1
0.859115664,-0.384475384,2
0.870388675,-0.57247497,2
0.83578463,0.623700755,1
0.561033567,0.819098947,1
-0.932585756,0.050374534,1
-0.370470138,1.052002379,1
0.279490495,0.04569786,2
-1.006174972,0.331546931,1
1.183450623,-0.432332675,2
0.627939093,-0.452240497,2
0.169050244,-0.159504539,2
1.173534248,-0.479377044,2
-0.032769468,0.473524505,2
-1.133704576,0.259457269,1
1.310883202,-0.343895146,2
-0.172458133,1.07474731,1
-0.939212562,0.343546918,1
0.083383522,-0.124085879,2
0.098575331,0.160777241,2
-0.725936614,0.16421118,1
-0.210987349,0.81418208,1
0.462228125,0.781252656,1
-0.634751015,0.983652054,1
-0.023579018,0.461597858,2
0.99267369,0.516055103,1
0.316867251,0.957331557,1
1.858952507,-0.042247311,2
-0.069273295,1.043755457,1
-0.780183473,0.41798458,1
0.689996689,0.761901562,1
-1.078306996,0.067238209,1
0.421901139,-0.417793505,2
1.92768977,0.533663919,2
2.13840968,0.092004384,2
0.561925501,-0.330442633,2
0.018210894,0.292968012,2
2.020978003,-0.027737465,2
1.858851682,-0.160545171,2
0.862260085,-0.343104069,2
-0.920111794,0.42541801,1
0.126930995,0.013271804,2
2.021053481,0.18800241,2
0.436016981,0.934484716,1
-0.358353162,0.892114013,1
1.274752108,-0.365382333,2
0.879276406,0.323385984,1
0.568308868,0.470257687,1
0.06572428,0.240112454,2
0.024590057,1.041962994,1
1.63084103,-0.346488562,2
1.984787418,0.313082239,2
-0.707900879,0.83769029,1
0.548389349,0.835109475,1
0.745288888,-0.408354988,2
-0.046490585,0.251439676,2
0.743056889,-0.475949036,2
0.338744324,0.878320486,1
-0.688421444,0.7771124,1
-0.037707411,0.341956901,2
0.240538727,1.011755387,1
-0.249476775,0.949289321,1
-0.580510655,0.80585868,1
0.345888743,-0.184225022,2
1.521100122,-0.468042153,2
-0.293473919,1.001601632,1
1.727311843,0.11373888,2
0.317225017,-0.369870813,2
0.725395343,0.518008378,1
-0.723150751,0.622777781,1
-1.078403184,-0.036440895,1
0.125491105,0.015768019,2
0.911375704,0.342465703,1
-0.904659411,0.405786998,1
0.788982499,0.656871583,1
1.629905319,-0.088844198,2
0.582028073,0.754127303,1
0.551249806,-0.255979924,2
0.958944797,0.411019815,1
1.97534169,0.451488254,2
-0.103552912,0.148728472,2
0.869183334,-0.014802276,1
0.898882565,0.253592617,1
1.971380131,0.299960473,2
0.008821611,1.007531764,1
1.327686245,-0.323471712,2
0.734190566,-0.579333557,2
0.440670791,-0.268142229,2
0.123941183,1.139807622,1
-1.098247801,0.086120415,1
0.460121698,0.79731661,1
0.936084087,0.535442831,1
1.121934832,-0.456216121,2
0.766017625,-0.533298611,2
-0.519941696,0.904208139,1
0.639794247,-0.312231691,2
-0.193848454,0.965294646,1
1.809988345,-0.127590807,2
1.025352839,-0.509048503,2
-0.835814401,0.588066521,1
-0.73268201,0.422641906,1
2.022249252,0.185617173,2
0.736049702,0.664463973,1
-0.315783005,0.868187334,1
-0.909831162,0.436383854,1
1.207596061,-0.545893397,2
-0.986024493,0.699827947,1
1.79923253,0.184201889,2
-0.862570996,0.502587438,1
0.890283671,0.366043026,1
-0.6473743,0.920516885,1
0.35815939,-0.04375172,2
0.818221614,-0.082289377,1
1.619843742,-0.227249855,2
1.585034436,-0.348386425,2
0.433958423,-0.180129383,2
0.034098669,1.06408976,1
-0.979662059,0.579832516,1
0.361383569,0.876718103,1
-0.208306752,1.062439302,1
0.833417318,0.559908961,1
-0.2014716,1.048049486,1
-0.16209516,0.477101254,2
1.98263909,0.365875993,2
1.143507665,-0.493313438,2
0.488558348,-0.368849925,2
-0.335099308,1.011088089,1
0.442503687,-0.207259552,2
1.215919646,-0.329862833,2
1.751242949,-0.263229099,2
0.856324271,0.315851549,1
-0.67364734,0.743538045,1
0.86889868,0.47627573,1
-0.514438597,0.899516374,1
-0.827214611,0.533608584,1
-0.004046283,0.33408066,2
-0.94075672,0.21662286,1
0.179347771,1.016543823,1
1.077057677,0.170937542,1
-1.116954071,0.035459379,1
-0.277620263,0.92264081,1
-0.584046987,0.699077191,1
1.152938628,-0.497958232,2
0.012844996,1.002073752,1
2.060239883,0.007553971,2
0.089214302,0.207752162,2
0.095003448,0.990980487,1
1.006596523,0.345697663,1
1.181514522,-0.558470992,2
2.058424664,0.454646099,2
0.769028834,0.653748341,1
1.724296098,0.108223916,2
0.188845896,0.079314873,2
0.372720919,0.869995899,1
-0.570661561,0.823684245,1
0.038553589,0.152692989,2
1.792515718,-0.273889906,2
0.033062991,0.270116308,2
1.613728819,-0.39991873,2
0.3991573,0.878812016,1
-0.161192152,0.977636232,1
1.74027364,0.100918276,2
0.449047189,-0.297531944,2
1.864970005,-0.00018557,2
-0.682352838,0.50570344,1
0.789987722,0.550540383,1
1.840999054,-0.273195783,2
0.611596566,0.707835716,1
0.95178174,0.120279226,1
1.986708592,0.040994717,2
0.159953514,0.815744442,1
0.790804964,-0.587515109,2
0.606629536,-0.573657127,2
0.614967118,0.808415656,1
0.370008189,1.036315581,1
-0.77382549,0.46849826,1
1.549008061,-0.302626792,2
0.737811003,-0.510876316,2
0.118950032,0.03402819,2
-0.585904338,0.893337628,1
1.414380695,-0.267735385,2
-0.019170418,0.389067648,2
2.008259545,0.372259552,2
-0.280063555,0.963949438,1
-0.98918995,0.335249141,1
-0.68001802,0.703383664,1
1.637213387,-0.361719688,2
-0.216211466,1.038116939,1
0.374967841,0.967254253,1
-0.20875914,0.9678424,1
1.004986173,0.09802392,1
0.31254773,-0.153981164,2
-0.791555488,0.603262073,1
1.662587822,-0.117451127,2
1.989898112,0.221922332,2
-0.526772825,0.871671001,1
-0.054388378,0.938981567,1
1.835273779,0.155725956,2
-0.510583147,0.838968291,1
2.017545016,0.048578667,2
-0.387145902,0.868940552,1
1.833202677,0.082792441,2
-0.160140506,0.936086959,1
0.831002294,0.545191957,1
-0.07340294,1.017274138,1
-0.442941016,0.83069239,1
0.440525237,0.853809805,1
0.406172099,-0.517321213,2
0.975675305,-0.598239043,2
-0.226935914,1.004029126,1
0.223319989,-0.130205736,2
1.86702289,-0.069650606,2
0.265519759,-0.257294292,2
1.059525073,0.160363087,1
0.947224197,-0.403730311,2
1.167123748,-0.350240293,2
-0.863880008,0.191671019,1
0.011865734,0.073442889,2
0.396193861,0.905972169,1
-0.95773358,0.13141556,1
-1.081072611,0.112901632,1
0.940486158,0.313157873,1
0.112238785,0.246222604,2
-0.020901091,0.335499265,2
1.453883611,-0.296104206,2
-0.101205932,0.316431384,2
1.789580605,0.358177053,2
-0.649716776,0.823508843,1
0.092699653,-0.053805837,2
1.092251557,-0.579610259,2
-0.635978394,0.867502038,1
0.701041413,0.64802168,1
0.886723998,-0.02301046,1
1.85891991,-0.09194771,2
0.296494464,-0.046579474,2
0.668613311,0.797426671,1
1.103396319,0.478279111,1
-0.247139363,1.064595322,1
0.779020291,0.789659416,1
1.784573978,-0.277340158,2
0.362376284,0.912806259,1
-0.363741225,0.775056939,1
1.982577496,0.375340514,2
1.090538152,-0.032268574,1
-0.101556303,0.09340318,2
0.26731943,0.918355239,1
0.174349037,1.027828212,1
-1.028532605,0.032972041,1
1.179151351,-0.384950471,2
0.836310664,0.343685554,1
0.384653105,-0.235540943,2
0.119626246,0.513321872,2
0.936470388,0.133731731,1
1.05939461,0.106342234,1
1.994557381,0.469976887,2
0.235024498,0.992957942,1
1.752052285,-0.139844043,2
0.982894805,-0.440509173,2
1.865625557,0.054665284,2
1.554840646,-0.423430301,2
0.533449954,0.900930093,1
0.387059186,-0.131281906,2
0.983223303,-0.496667444,2
0.444319866,-0.190851443,2
1.400242374,-0.408449267,2
-0.208526314,0.857641767,1
1.535698476,-0.280158501,2
-0.62192684,0.764417539,1
0.315685022,-0.200665683,2
0.647867957,0.806568633,1
0.501349588,-0.362097166,2
0.44647559,-0.356471809,2
0.615735193,-0.466801305,2
1.611119237,-0.342965505,2
-1.112268684,0.096554947,1
-0.812049497,0.481302189,1
-0.918752125,0.055803194,1
-0.845009043,0.688580691,1
-1.003827588,0.094183754,1
1.673846264,-0.121443782,2
-0.277009416,0.81256032,1
1.921659693,0.129846266,2
0.937179324,0.400316639,1
1.773219802,0.184387645,2
0.013331153,1.176211007,1
-0.16564783,0.787666665,1
0.067954471,0.374311829,2
1.758389988,-0.085145559,2
0.205286757,1.012668745,1
-0.091562526,0.364995529,2
0.983356903,-0.498690321,2
0.540401351,-0.577259497,2
1.051617988,-0.577880816,2
1.594181618,-0.152973935,2
0.151757036,-0.260214934,2
0.962307974,0.165984025,1
0.524358908,-0.307143144,2
1.102801111,0.15434446,1
0.365756444,-0.360794431,2
-0.800474594,0.78823832,1
0.213671049,0.158100065,2
0.389580595,-0.227953542,2
0.834007175,0.718772135,1
0.077644144,0.363306434,2
-0.81519937,0.162218579,1
0.05816343,0.071174757,2
-0.971685596,0.133045043,1
0.855770554,0.481940554,1
-0.985581669,0.101345058,1
-0.481610431,0.713297205,1
-0.79613587,0.587235845,1
0.596097212,0.830803229,1
0.837149293,0.023416194,1
-0.847413096,0.255728196,1
1.624026902,-0.234546838,2
1.94459986,0.133152175,2
0.088476142,0.363331402,2
-1.134985052,-0.0642313,1
1.909183355,-0.036864346,2
0.712035716,-0.398937834,2
-0.742574936,0.674004474,1
0.204332664,0.267128963,2
1.04343225,-0.457498273,2
0.525518222,-0.563315065,2
0.820249015,-0.307317218,2
1.483218746,-0.202023216,2
0.750858361,-0.447709455,2
0.266882764,0.920548832,1
2.081891512,0.147883259,2
0.866230943,-0.5519029,2
0.170986912,0.963096231,1
1.206699562,-0.458641636,2
0.747217032,0.641323279,1
0.983259691,-0.493530205,2
0.490984429,-0.342263805,2
-1.014738668,0.088982349,1
-0.708697194,0.888580575,1
0.247502151,-0.131363939,2
-0.721726191,0.689788801,1
2.06637431,0.194142106,2
-0.01116945,-0.249938315,2
-1.032082354,0.456592702,1
-0.119311421,1.019317542,1
0.665683961,0.625654664,1
0.095179489,0.26170336,2
0.281728349,0.948944884,1
0.048237011,0.39190787,2
0.876602367,-0.564552741,2
1.87433043,0.282278922,2
0.078169111,0.44870263,2
1.181943533,-0.413670389,2
1.26426602,-0.510986981,2
-0.055883803,0.981763693,1
1.880797688,-0.267611043,2
1.92005404,0.408559678,2
0.155897795,0.097207312,2
-0.066341721,0.435805582,2
-0.006067281,0.590822653,2
0.666445972,0.702496212,1
0.195415903,0.969652887,1
0.80926392,-0.49014795,2
-0.074271601,0.337424991,2
1.929044167,0.05176756,2
1.1724698,-0.576344995,2
-1.031623164,-0.015744882,1
1.916706713,0.436785317,2
1.115115078,-0.527337329,2
0.299535183,-0.254340815,2
1.827538525,-0.230906088,2
0.080127394,0.579146755,2
2.020436365,0.243419822,2
1.911950372,0.329622467,2
1.488171681,-0.393563532,2
1.80642813,-0.026967494,2
0.135052132,1.044497726,1
1.451547451,-0.498607882,2
0.0194956,0.527453901,2
1.939842439,0.04850504,2
-0.618657798,0.96471835,1
-0.880272896,0.432065829,1
1.871886961,0.284416737,2
0.929624076,0.51595799,1
0.477137072,-0.298973225,2
-1.120323743,0.26806358,1
-0.887784539,0.313609211,1
0.352028472,-0.376796397,2
-0.37312961,0.832810349,1
-0.968355238,0.205103096,1
-0.613503816,0.875434842,1
1.808917432,0.196545823,2
1.888153417,0.122718346,2
0.815093057,0.611779301,1
-0.661271229,0.774617173,1
-0.13172275,0.906323441,1
1.750846742,-0.034520924,2
-0.568629954,0.940188611,1
-0.26406792,1.000908381,1
0.678043731,-0.511219546,2
0.921974666,0.096424073,1
1.842165791,0.020807416,2
-0.96165232,0.316073426,1
-0.426337392,0.86755405,1
-0.691023388,0.737390943,1
0.900350193,0.383250765,1
1.901087204,0.046897922,2
1.193853823,-0.421826847,2
1.85789097,0.352200589,2
-0.180312222,0.947189547,1
0.770820423,-0.547938481,2
0.918449556,-0.51222165,2
1.082441282,0.100358687,1
1.959160442,0.404464014,2
0.735849205,0.808668441,1
1.621732582,-0.266690553,2
0.568394044,0.758873321,1
0.065107733,0.406056981,2
-0.275203102,1.046563704,1
-0.805617976,0.54050939,1
1.786148708,-0.202616102,2
0.569699479,0.648429418,1
1.998142345,0.566212938,2
0.683873797,-0.490039042,2
0.690583342,0.827731126,1
0.456304457,-0.552131384,2
0.739842337,0.837018908,1
0.778523102,-0.460439248,2
-0.192421902,0.972355755,1
-0.949709289,0.19777015,1
-0.931126682,0.07729099,1
0.259866146,0.938722147,1
1.011642296,-0.695766021,2
0.526629911,0.805762301,1
0.224467661,0.963677551,1
0.367472648,0.917512353,1
0.167507965,0.07497831,2
-0.751007384,0.66858355,1
-0.910851168,0.152668268,1
0.651315005,0.981206115,1
1.311840229,-0.467154166,2
0.207589434,-0.360728312,2
0.143942309,-0.216225425,2
0.452089098,-0.371808333,2
0.885800274,0.074738081,1
1.449679816,-0.404239888,2
0.884878933,-0.565892661,2
-0.086186461,0.964311627,1
0.922438318,0.144830971,1
-0.529132287,0.747114136,1
0.992054893,-0.606076132,2
0.073799953,1.124427232,1
1.338703545,-0.577144217,2
-0.001812559,0.350889768,2
1.016710187,0.167347687,1
0.370110006,-0.359485714,2
1.765506163,-0.09702199,2
1.933221048,0.289565136,2
1.05380171,0.180717814,1
-0.047425369,0.040779751,2
0.787608357,-0.506930546,2
1.800638187,0.257835876,2
1.631278511,-0.411440079,2
0.365726159,1.041019287,1
0.448610363,-0.440547724,2
0.006979735,-0.026273835,2
-1.152275162,0.099310515,1
0.672323321,0.61577778,1
0.487622913,0.922117505,1
-0.909386622,0.589810217,1
-0.083094414,1.070698426,1
1.116671261,-0.447273875,2
1.463071111,-0.2683296,2
0.243630503,-0.088119184,2
-0.06136802,0.978574617,1
2.081015535,0.240082596,2
-0.539048278,0.876032955,1
-1.034541675,0.27353126,1
0.237547187,0.933175678,1
1.826592885,0.08682456,2
-0.851909337,0.525527412,1
0.427683629,-0.402707587,2
0.393563488,0.980728302,1
1.120467716,-0.54247447,2
0.676937445,0.724237733,1
-0.706441769,0.508652026,1
0.573389563,-0.572200367,2
-0.960287904,0.251185587,1
-0.23876479,0.974273963,1
-0.622377161,0.946049191,1
-0.93729674,0.500280182,1
-1.109002802,0.008469173,1
0.982147706,-0.435729079,2
0.076068689,1.018909633,1
1.284213256,-0.454893165,2
0.92401028,0.409354645,1
0.86113219,0.076639655,1
0.214238567,0.948021131,1
1.997286912,0.287948289,2
0.589065667,-0.448530749,2
1.877427835,0.15103649,2
0.14938824,0.981616846,1
-0.249357613,0.401635248,2
1.663256684,-0.228784971,2
-0.874729354,0.152258139,1
0.373165892,-0.119639974,2
-0.714645674,0.795255748,1
-0.809470138,0.46209069,1
0.496581489,-0.460990267,2
0.332059409,-0.124900918,2
-0.642424987,0.714619991,1
-1.079759454,0.413679537,1
1.539446734,-0.125650026,2
1.555436024,-0.323306549,2
-0.569594068,0.892046679,1
0.861053175,0.512674895,1
1.412878453,-0.469945771,2
1.009482368,0.285877152,1
-0.87068743,0.67678842,1
-0.029792676,0.193338872,2
-1.039606499,0.162920968,1
0.964605926,-0.480587265,2
0.939159452,0.166588269,1
1.881654073,0.256928071,2
0.187580292,1.023007509,1
0.846625528,0.510187992,1
0.655833298,-0.502736402,2
0.083245703,-0.031828456,2
-1.163198158,-0.008071664,1
0.555604205,-0.402848618,2
1.202988155,-0.289714255,2
-0.874029065,0.208505102,1
1.814188251,-0.059600795,2
0.753402529,0.754158703,1
0.853806384,0.361910086,1
1.895813288,0.22872029,2
0.356429275,1.018867029,1
0.927121984,0.321663845,1
1.712233533,-0.231015574,2
0.009455891,0.023529814,2
0.112028722,0.964344999,1
0.467768316,-0.408276978,2
0.423271119,0.92186697,1
-0.392691481,0.758517702,1
-0.54115416,0.979926551,1
0.973647904,-0.539894735,2
-0.835195388,0.692126587,1
0.057763316,0.245183584,2
0.726670611,0.662821623,1
1.836228422,-0.107622859,2
-0.984658655,0.451377294,1
-0.435886335,0.836585354,1
1.591942464,-0.158575993,2
1.65422629,-0.257528689,2
1.788189999,0.146427883,2
-0.824295349,0.666803098,1
1.397338374,-0.470320919,2
0.934173227,0.144741146,1
1.021382649,-0.54446486,2
-0.013876719,0.88738569,1
-0.34351979,0.874356996,1
2.065019497,0.177726781,2
0.298990041,-0.191005561,2
-0.949694848,-0.137394458,1
1.647742727,-0.313488235,2
0.124866919,-0.055062961,2
0.746882483,0.592260659,1
0.90273603,0.247126507,1
1.828035835,-0.149682588,2
1.759493702,-0.213153134,2
0.80430278,0.594733625,1
1.823749469,-0.155763175,2
-0.246648899,1.051648652,1
0.094334002,-0.116018599,2
0.963898773,0.286924055,1
0.149162018,0.91596384,1
0.170958049,1.048055366,1
0.833166519,-0.558793176,2
1.1796628,-0.548663259,2
1.717170811,-0.006424421,2
0.89161848,0.327025543,1
0.947321475,0.057255656,1
0.007334667,0.367139048,2
1.255359545,-0.583198109,2
0.029014792,0.945507977,1
1.280781125,-0.34318472,2
0.131961667,0.144325778,2
-0.902914587,0.185102666,1
0.823430916,0.808095695,1
1.378466473,-0.292290728,2
1.952680595,0.451630435,2
0.447903485,0.820775409,1
-0.454622738,0.975453023,1
1.209680918,-0.674120698,2
0.655353107,0.712601235,1
0.08635183,0.156831982,2
0.784392244,-0.541648923,2
0.891229141,0.236261389,1
0.4756379,-0.407249634,2
0.008543471,0.067950028,2
-0.710775674,0.567966146,1
0.16060332,-0.128518882,2
0.486173643,0.95453592,1
1.869153248,-0.131054714,2
1.20401755,-0.418787567,2
0.143450118,0.279712954,2
-0.648248275,0.859086347,1
0.537084191,0.90720503,1
0.349401186,-0.176583722,2
0.060103663,0.233865808,2
1.551564253,-0.415341381,2
-1.008205421,0.333343047,1
1.827531327,-0.328016722,2
0.406034336,0.882313766,1
1.346881979,-0.358660031,2
-0.054177451,1.022363982,1
0.149765933,-0.090288502,2
1.288468049,-0.477119645,2
1.822323597,0.091778438,2
0.915516708,0.55473008,1
-0.566590496,0.824066957,1
0.220944945,0.128019529,2
0.400353723,0.879888415,1
1.969987788,-0.087188881,2
0.464756309,-0.504800634,2
-0.912074676,0.195555467,1
-0.54492853,0.820308968,1
-0.162693784,1.125735167,1
0.743532653,0.682722927,1
-0.069592916,0.309509311,2
-0.581687208,0.959823398,1
1.451414213,-0.367592518,2
0.779484685,0.646947649,1
-0.989345472,0.46040456,1
1.420688845,-0.240819442,2
0.414590035,-0.40196575,2
0.212748114,0.944546809,1
-1.024963976,0.561755695,1
-0.748771836,0.666749389,1
0.975422934,0.213976371,1
1.153768454,-0.324443454,2
1.208374022,-0.569744393,2
0.122301693,-0.267404108,2
1.324970832,-0.300558337,2
0.645550395,-0.484119864,2
-0.872043295,0.322434081,1
0.32117443,-0.204597532,2
1.944021282,0.35934663,2
-0.359319603,0.988785684,1
1.563325345,-0.508257038,2
0.778983054,-0.665665283,2
-0.769505508,0.601990401,1
-0.049177898,0.877896475,1
-0.28489198,1.010367599,1
-0.054875827,1.105745297,1
0.856496558,0.316816597,1
-0.938617772,0.676977262,1
1.48244321,-0.291393655,2
1.034487622,-0.475008586,2
0.598715698,1.038877745,1
0.714825961,0.69087357,1
-0.91830645,0.338716926,1
0.262930933,0.922115711,1
-0.691128886,0.679817344,1
1.120801661,0.357551947,1
0.005257992,1.038268178,1
1.920424804,0.253578583,2
1.864471308,-0.086781936,2
-0.773938705,0.582419091,1
0.72407191,-0.376528356,2
0.348288088,-0.298452494,2
1.377483711,-0.357316246,2
1.892636732,0.223119696,2
0.782880034,-0.431943026,2
-0.034503363,0.347816359,2
0.139965332,1.083182671,1
-0.446705424,0.87385904,1
0.182115238,-0.321087633,2
1.405302975,-0.436280548,2
1.208070687,-0.550801732,2
0.839072608,0.552453106,1
0.796286157,-0.403118477,2
0.926262974,-0.35485319,2
0.5391178,-0.281331511,2
0.199872883,0.962136258,1
0.895049678,0.475976899,1
0.376147746,0.748666896,1
0.482295335,-0.347471109,2
0.325903573,1.037879425,1
0.848288318,0.284703186,1
0.30122645,-0.310633715,2
0.719272436,0.616515308,1
-0.16051725,0.948811713,1
0.400975417,1.008090931,1
0.969267961,0.356922503,1
0.01887732,0.214944322,2
-0.91045049,0.049368309,1
0.853216761,0.451082061,1
0.244463753,-0.05972708,2
1.789510651,-0.308304809,2
1.026889293,-0.499129431,2
2.139155964,0.509862469,2
0.568053557,0.773830142,1
0.758705077,0.593012038,1
1.859699382,-0.191672017,2
0.520969518,0.815118284,1
0.85438579,0.531427753,1
-0.345563305,0.908891926,1
1.846246184,0.64355367,2
0.538540795,0.885848922,1
0.124110997,0.113197093,2
1.694661002,-0.17712627,2
0.682037999,0.688380432,1
0.737474913,0.64446295,1
0.86359407,0.471223817,1
2.001213383,0.733076405,2
0.394963561,1.090377236,1
-1.027209399,0.029691309,1
1.996393888,0.130313001,2
-0.715774094,0.927113153,1
1.667417022,-0.217588281,2
1.911155131,0.260429331,2
0.497577383,0.813006732,1
-0.622926905,0.931626377,1
0.079315919,0.406415272,2
0.771244831,0.948841847,1
0.00334572,0.417072069,2
1.841806765,0.417622276,2
-0.136883665,0.969855571,1
0.083352896,0.054073835,2
0.254617827,-0.178585311,2
0.930292058,0.220208472,1
0.907398397,-0.546204209,2
2.073500134,0.293968121,2
-0.387533196,0.73253513,1
-0.658663006,0.922635894,1
0.931979272,0.014933901,1
-0.943852352,0.517372336,1
0.757800906,0.807588903,1
0.963566429,0.175775628,1
0.057952467,0.053889165,2
-0.955534363,0.265068129,1
0.213379596,1.113337004,1
-0.626505509,0.94422181,1
0.362086151,-0.289631524,2
0.982463362,-0.524211281,2
-0.826973433,0.607293644,1
0.572061987,0.676381392,1
0.762211931,0.567187223,1
0.707232241,0.849632566,1
-0.866119724,0.252365253,1
1.912373626,-0.08549736,2
0.28731157,-0.116089949,2
0.417260187,0.940760066,1
0.408212833,0.888101539,1
2.019124517,0.564496738,2
-0.843648223,0.375413616,1
1.839610182,-0.084592204,2
0.758891331,0.471202876,1
0.40876775,0.838629231,1
0.719420883,0.522254856,1
1.129873713,-0.013192427,1
1.799682816,-0.28791093,2
-0.003811176,0.329771061,2
1.044709541,0.034797655,1
1.136370167,-0.441388711,2
1.494174847,-0.439017216,2
-0.899384442,0.39603332,1
1.633688826,-0.307000051,2
1.556212664,-0.275974299,2
0.649011521,0.842901568,1
1.897165474,0.209009518,2
1.617908175,-0.209587358,2
2.089732494,0.354623466,2
1.881493671,0.143425559,2
0.236330652,-0.293382544,2
-0.040760064,0.984242768,1
0.929465933,0.201103246,1
-0.168244547,1.019644283,1
0.133980597,0.156341773,2
-0.126879955,1.221001585,1
0.837443852,0.592256661,1
0.959534456,0.42336938,1
0.779520376,0.261626579,1
0.617611059,0.87628049,1
0.060787871,0.040872346,2
-0.048601263,0.203985041,2
-0.40109931,0.831310544,1
-0.817115814,0.75237998,1
1.622899411,-0.401643488,2
0.73341438,-0.621741325,2
-0.357923161,1.03380993,1
1.463605365,-0.400179902,2
1.389776792,-0.463519781,2
0.264654932,0.820144692,1
-0.271253703,0.960054335,1
1.985721579,0.343755732,2
0.610816665,0.85864924,1
1.867086634,-0.211995789,2
0.070048635,0.148084474,2
0.591360398,0.936012993,1
1.980760196,0.467068916,2
1.836368306,0.328543097,2
-0.00250755,0.533449643,2
1.047714876,0.132312549,1
-0.717868848,0.822034768,1
0.934242225,-0.646917094,2
-0.867712681,0.613559207,1
0.037235421,0.892387261,1
2.02389171,0.423681387,2
1.407381943,-0.323547135,2
1.989117999,0.52293392,2
1.392476161,-0.459820221,2
0.24103396,1.05698361,1
0.376325372,0.834399794,1
-0.467776792,0.901830611,1
0.419850261,0.93549639,1
0.190640648,0.933130406,1
0.751765034,-0.356180205,2
-0.021505992,0.319967992,2
2.029070963,0.15831533,2
0.994126899,-0.511179381,2
-0.004051493,0.045899942,2
2.009354599,0.196370571,2
-0.745415078,0.663308488,1
0.874113315,0.363759196,1
0.031041796,1.056614815,1
0.127851596,-0.165065385,2
-0.655415831,0.767062072,1
0.129203999,0.086242286,2
1.516405526,-0.341488304,2
-0.983163454,0.201486035,1
0.065026394,0.321509378,2
-0.941163788,0.107847656,1
0.010467624,0.334551726,2
1.726005398,-0.214373806,2
0.243019644,0.984005947,1
2.199300747,0.388793945,2
1.449324266,-0.310506352,2
0.228597209,-0.086596611,2
1.967880032,-0.04445407,2
0.22768008,-0.192808878,2
1.567368416,-0.138370782,2
1.056143825,0.031608063,1
0.383427562,-0.3018735,2
-0.838353029,0.72250195,1
0.207879657,0.999471016,1
0.691737121,0.744977696,1
0.241140048,-0.222357377,2
1.202960451,-0.541049379,2
0.04572912,0.451024219,2
-0.445001371,0.896926524,1
1.904893835,0.297078138,2
1.034679481,-0.541245002,2
0.607987888,-0.402179962,2
0.025320402,0.138307282,2
-0.750322132,0.306682361,1
-0.365001141,0.94202203,1
0.732704699,-0.535831353,2
1.373885874,-0.577529404,2
-0.429929472,0.981902182,1
-0.857964858,0.332474707,1
-0.954664789,0.498275526,1
0.200591716,-0.248370357,2
0.210122462,-0.097747448,2
-0.560566271,0.683989639,1
1.845870237,-0.040002939,2
1.171526207,-0.41836385,2
-0.948795256,0.87833555,1
2.098632351,0.279560947,2
0.557705024,0.816114041,1
1.322429179,-0.481639338,2
1.673685986,0.061686812,2
0.126365178,-0.024219806,2
1.526301178,-0.38016574,2
-0.3444598,0.971705467,1
1.753733459,-0.138733871,2
0.904810353,0.343068297,1
0.067811492,0.408045259,2
0.118243579,0.254442143,2
-0.785406489,0.517545055,1
-0.866974582,0.557625058,1
-0.259793144,1.117102398,1
1.878332348,0.429823132,2
0.220419591,-0.230688238,2
1.540305359,-0.375974539,2
0.073923841,1.110856487,1
0.873270552,0.193890754,1
0.377138023,-0.200498494,2
1.295362627,-0.508146583,2
-0.68950793,0.65943939,1
0.379356352,0.964715246,1
1.788155043,-0.119854522,2
1.330919762,-0.37572098,2
-0.944198818,0.48019409,1
-0.886542491,0.45845584,1
0.364718916,-0.153970932,2
1.992236179,-0.07364521,2
-1.040657911,0.18394138,1
0.463402493,-0.373158599,2
1.622062461,-0.249553116,2
1.78419676,0.057276487,2
0.399443785,-0.267869568,2
0.989808094,-0.542925438,2
1.70151923,-0.332235894,2
-0.193539043,0.88789243,1
1.021659975,0.358457996,1
-0.889760832,0.42709776,1
-0.985942174,-0.046966345,1
0.013689779,0.324942489,2
0.634185226,-0.393948561,2
1.953196813,0.025927417,2
0.249543528,1.098121674,1
-0.091810113,0.401323124,2
0.626619436,-0.516712111,2
0.275435764,-0.032374948,2
-0.170430891,1.018540269,1
0.627767992,-0.233329743,2
0.861812423,-0.687606219,2
0.695410512,-0.484211765,2
0.285188211,-0.123435941,2
-0.074804954,1.164298814,1
-0.57665256,0.888718442,1
0.503221778,0.857895996,1
-1.079212376,0.176373726,1
0.333680125,-0.23487382,2
1.376294975,-0.501942216,2
0.358088819,1.006036096,1
0.163035309,0.89036362,1
0.70107026,-0.59737844,2
1.545926167,-0.230198179,2
0.241185991,0.026420247,2
0.886121676,0.587616879,1
-0.50270286,0.791134146,1
-0.988949329,0.476220794,1
0.228625238,0.896379778,1
1.005849379,-0.525986856,2
0.149988686,0.004377791,2
1.60097376,-0.069863021,2
-0.631729254,0.82283954,1
0.533025069,0.741109928,1
1.088122338,-0.35873734,2
0.005158842,0.059262038,2
1.084332319,-0.633458474,2
-0.416045523,0.904754149,1
-0.616425873,0.858990203,1
0.052858357,1.066738358,1
0.0518192,0.16429404,2
-0.11716084,0.072316614,2
-0.546917025,0.675978221,1
1.004564891,-0.535925551,2
0.908059613,-0.042302188,1
0.806011976,-0.386026948,2
-0.029956728,-0.031050122,2
-0.891515665,0.204344228,1
0.093455826,-0.034993645,2
1.489114309,-0.181955102,2
1.197751378,-0.592887102,2
0.300257116,-0.129988697,2
1.391232138,-0.505481733,2
0.536273365,0.905429535,1
1.007424008,0.266042692,1
0.692745343,-0.449049006,2
0.847636297,0.618879984,1
0.069574117,-0.037293779,2
-0.947810797,0.40576833,1
0.62369646,0.761485936,1
1.932528022,0.353577101,2
1.431381776,-0.431628465,2
1.710956059,-0.12848422,2
1.043593801,-0.549869277,2
1.631420138,-0.394655164,2
0.153012316,-0.240935082,2
0.447067105,0.95538748,1
0.560467455,0.759191447,1
-0.599550397,0.583758269,1
0.934520425,0.21027242,1
-0.780926973,0.492669267,1
1.346942732,-0.263279906,2
0.86232053,-0.592998515,2
1.970225353,-0.1093701,2
-0.448179896,0.902244532,1
1.228876367,-0.350180312,2
1.700082897,-0.061015824,2
1.175099953,0.097308429,1
0.928463554,0.31694806,1
-0.863409269,0.405625627,1
0.306783328,0.950401239,1
0.613078454,0.724932152,1
-0.548927623,0.766063097,1
0.17153126,0.346873658,2
1.771380518,-0.350199189,2
2.054489475,0.628205105,2
0.42336354,1.019246288,1
1.607569392,-0.081551309,2
1.483551194,-0.307971097,2
0.369317308,-0.408499578,2
0.717974212,0.592070441,1
0.685006325,-0.619086411,2
0.30975234,-0.215690254,2
0.499491753,0.777383592,1
0.800466161,-0.385412231,2
1.497471109,-0.267619524,2
-0.340433616,0.964325394,1
0.946442852,-0.32316682,2
2.037991588,0.293643616,2
0.255813303,0.91250056,1
1.019695487,0.338256616,1
-0.902641168,0.101296929,1
0.44387827,-0.443848883,2
0.682018849,0.79743248,1
-0.380152475,0.913576227,1
1.010112161,0.28650805,1
2.051705673,0.404960076,2
1.144339599,-0.424277005,2
1.590626745,-0.242468809,2
-0.193846615,1.061051044,1
0.766610425,0.352342464,1
0.357731485,-0.306723812,2
-0.007697348,0.422879092,2
1.707837204,-0.356262694,2
1.328048433,-0.441914389,2
1.547931214,-0.430161898,2
-0.767701947,0.428448045,1
-0.703717138,0.890817946,1
0.908320012,0.408899472,1
-0.008227938,0.507290469,2
1.397055117,-0.485321791,2
0.872031024,0.049322058,1
-0.144500366,1.100742791,1
-0.983674362,0.363883351,1
-1.075030308,0.040121522,1
-0.471380861,0.890180538,1
1.641219317,-0.245716027,2
-1.040296562,0.297863782,1
1.391108308,-0.368140346,2
2.012287553,-0.087467309,2
0.247351178,0.891105789,1
2.067940813,0.385158785,2
0.488865979,1.125938581,1
0.770880173,-0.435625929,2
0.868286411,0.332399993,1
0.318248228,0.876850571,1
0.457274672,0.874982843,1
1.741076454,-0.135661303,2
-0.4861902,1.127982644,1
1.321794042,-0.53122927,2
0.650348518,0.89015243,1
1.567675778,-0.08732941,2
1.889356137,0.296470813,2
-0.117054621,0.022600444,2
0.398728591,0.959157663,1
0.836090749,-0.647623204,2
0.201979826,0.981544086,1
1.064407421,-0.440629906,2
0.250654131,-0.165987175,2
-0.064107474,1.008700622,1
-0.113769371,1.069496858,1
-0.013442087,0.523825424,2
-0.87191792,0.313598471,1
1.219416575,-0.455738409,2
-0.32968926,0.878820348,1
1.865035069,-0.056395283,2
0.475403917,-0.378748122,2
1.352506296,-0.454115147,2
0.169280448,0.145378083,2
-1.109025395,0.186897576,1
0.884072781,0.638818541,1
0.333627945,0.800222242,1
1.070463193,0.084492907,1
0.282769331,0.031273806,2
1.923922608,0.161510552,2
2.057831499,0.358303052,2
1.003995914,-0.416771929,2
1.68792445,-0.202900641,2
0.199240363,1.12327822,1
-0.919742626,0.357392273,1
1.961231961,-0.136799721,2
1.382259706,-0.564778293,2
1.862616479,-0.009966052,2
1.172679192,-0.474351482,2
0.199740747,0.831960672,1
0.378904239,-0.269404726,2
0.742920507,-0.541907451,2
-0.752699691,0.643534784,1
-0.764937189,0.348293455,1
1.842571714,-0.04031967,2
-0.933959546,0.570049996,1
0.214653204,-0.095215522,2
0.810289285,-0.353022336,2
0.037773295,0.504387222,2
-0.372216071,0.992850468,1
0.432454149,-0.263615141,2
-1.029388394,0.050558447,1
0.483377581,0.901219719,1
1.480557949,-0.298130352,2
-0.080693527,0.197703579,2
0.171276304,0.046094199,2
0.071595967,1.008773509,1
0.158152235,-0.35376611,2
-0.028426201,0.021617969,2
2.04937298,0.084803547,2
1.203390865,-0.544985971,2
-0.469177113,0.957427374,1
-0.217099411,0.924655229,1
-0.525270719,0.886009682,1
-0.189439023,0.813882244,1
-0.864485379,0.361631474,1
1.855657341,0.16520657,2
1.164568007,-0.568422351,2
0.492843203,-0.501704724,2
0.22654113,-0.295959884,2
0.527533024,-0.177080241,2
-0.007387325,1.188962837,1
0.982331006,-0.359795974,2
-0.881203152,0.535145431,1
0.459865147,0.790277125,1
-1.013309559,0.223703095,1
-0.742833842,0.804964388,1
-0.596108932,0.676051508,1
-0.869368064,0.526982698,1
-0.807869317,0.158995098,1
0.016155975,0.034013315,2
0.510868247,-0.385803446,2
-0.158970828,0.354065165,2
1.292885542,-0.458204823,2
0.330371124,0.915318099,1
-0.133199324,1.069356602,1
0.956554379,0.446266663,1
0.934959579,0.441701754,1
0.011126057,0.090672306,2
-0.684121419,0.686557715,1
0.04536499,0.268131863,2
-0.968066876,0.492360453,1
-1.036070543,0.003967552,1
1.422486453,-0.378862462,2
0.551228114,-0.305102783,2
0.206263699,-0.079874132,2
0.226856189,-0.149304306,2
-0.31626445,1.026367582,1
1.280553348,-0.509574306,2
-0.277594765,0.752806295,1
0.887485544,0.525666275,1
0.958631825,0.307198495,1
0.125330659,0.366150577,2
1.295262007,-0.473128782,2
-0.268085934,0.906184271,1
1.467832146,-0.349570369,2
1.355141806,-0.50656105,2
0.566273293,0.834637614,1
0.03637674,0.947644647,1
-0.104750277,0.990108528,1
1.977180322,0.232823725,2
0.819876034,-0.54904167,2
1.711086733,-0.224170172,2
1.083390055,0.476374131,1
-0.717429884,0.52722922,1
0.19327342,1.082427583,1
0.010387199,0.157183438,2
1.047961819,0.231166525,1
-0.885913282,0.163003872,1
1.769676465,-0.201643354,2
-1.082773802,0.102633553,1
-0.51382798,0.687095617,1
0.950895134,-0.393270472,2
1.31927797,-0.545269983,2
1.966485237,0.318279757,2
0.589562734,-0.417473456,2
1.9333907,0.210768385,2
1.428347677,-0.370263665,2
0.387148866,-0.341944857,2
-0.588493583,0.767756296,1
-1.02155491,0.444884773,1
0.029322231,0.962426743,1
2.023332161,0.42164767,2
0.728640494,-0.291800435,2
0.87798027,0.236494018,1
-0.010305673,1.049746401,1
0.041185118,1.01360953,1
0.36270097,0.972785793,1
0.80215948,0.53429993,1
0.473676448,-0.254228929,2
0.944770767,0.417354692,1
0.593652574,-0.281476037,2
-0.057238365,0.195251299,2
0.023638071,-0.13374561,2
-0.839433484,0.589681894,1
-0.135417064,0.950552844,1
1.953956608,-0.070982729,2
1.330378855,-0.498001808,2
0.834793237,0.327712689,1
-0.752160969,0.674557094,1
0.832844101,0.476152176,1
0.67998301,-0.485723869,2
0.62177039,-0.42290564,2
1.643030711,-0.161498714,2
0.585515311,-0.307544296,2
1.945547419,0.043132283,2
0.840210998,0.299437652,1
0.747758316,0.431076489,1
1.030567394,0.445551517,1
1.003719806,-0.339184119,2
1.981251767,0.036385955,2
0.321423149,-0.199617235,2
-0.926975951,0.300771193,1
0.767793316,0.677768459,1
0.745157849,0.765953854,1
1.955921224,0.465502758,2
0.936432652,0.167299773,1
-0.589131374,0.628950814,1
0.74766123,0.84562829,1
-0.475344931,0.909826682,1
0.909856674,0.04033505,1
-0.06270774,0.418298929,2
2.031896327,0.299046259,2
-0.072358551,0.123561538,2
-0.890762858,0.395969978,1
0.523236037,0.940638574,1
0.126617904,0.232073191,2
0.891631239,-0.523080388,2
0.733863001,0.555311583,1
0.289099318,1.030108963,1
1.65480517,-0.225794233,2
0.891176369,-0.629552458,2
1.882596971,0.404624725,2
-0.863087747,0.357854673,1
-0.581754159,0.4779216,1
-1.178262619,0.197831259,1
0.834692164,0.803990979,1
0.772034877,0.195152089,1
0.799034309,-0.379933563,2
-0.780840534,0.546543708,1
-0.087729111,1.092689903,1
1.269837972,-0.458621315,2
1.192278041,-0.632359774,2
-1.100802409,-0.052086485,1
1.895507081,0.01320507,2
1.823479909,-0.023381049,2
1.911972376,-0.061893571,2
-0.741755832,0.387684946,1
-0.493036031,0.861852806,1
0.350195219,-0.231933203,2
1.294552086,-0.501175932,2
1.828049279,-0.06029582,2
2.039379232,0.361495194,2
-0.433111671,0.798725432,1
1.480760596,-0.307429705,2
1.484823514,-0.36109593,2
0.764184146,-0.413732287,2
1.618437846,-0.420081901,2
0.140967367,0.061573396,2
0.798814768,0.63010357,1
1.448044987,-0.498803905,2
0.143908901,0.360771866,2
1.994083824,-0.056664632,2
1.994302816,0.101136655,2
-0.646912054,0.670321496,1
2.102472542,0.427863769,2
-0.600224387,0.914526866,1
0.010364492,0.629753458,2
2.058436699,0.215216107,2
1.808496008,-0.221896567,2
0.921778265,0.678580472,1
-0.006886563,0.486445763,2
-0.961864584,0.205429507,1
1.004242419,0.19953759,1
0.95274181,0.146113381,1
0.657286167,-0.561361464,2
0.693233575,0.586376513,1
-0.84321428,0.649538341,1
-0.726672204,0.845815092,1
-0.033859253,0.274319929,2
0.469822224,-0.404084056,2
0.920110419,0.271341818,1
0.927687299,0.593786946,1
1.9489901,0.344713773,2
0.801267257,0.510210679,1
0.875218618,-0.540529235,2
1.279677921,-0.507126773,2
0.644503547,0.661241122,1
1.087941572,0.096570737,1
-0.380042134,1.195719382,1
1.662582386,-0.067760007,2
1.444437058,-0.241300959,2
-0.063174669,0.974072423,1
0.496899643,0.707635257,1
0.023177026,0.889732604,1
0.461666343,-0.262344342,2
0.963682959,0.491171522,1
1.910880596,0.44545967,2
0.94256284,-0.602238661,2
0.271713941,-0.249946857,2
-0.815215375,0.231150024,1
-0.542800267,0.896161525,1
1.369432277,-0.527929049,2
0.847812607,-0.369497611,2
0.214046071,0.094130825,2
-0.845769251,0.495776344,1
-1.030626512,0.151400316,1
0.983741584,-0.573759354,2
1.037090009,-0.02439355,1
0.096684095,0.066764108,2
0.930876109,0.329669687,1
-1.019943823,0.400100644,1
0.137160174,-0.019512578,2
1.104088278,-0.482318753,2
-0.545178646,0.772272383,1
-0.90451487,0.456155334,1
1.468376152,-0.295386816,2
-1.001002849,0.41160163,1
1.026831623,-0.476025649,2
-0.207478203,0.961323936,1
0.011680689,0.42152699,2
0.88164251,0.404385823,1
-0.874024552,0.761687108,1
0.344001062,-0.411220514,2
0.087408093,0.399622581,2
0.604336814,0.783136084,1
0.930324367,0.707207535,1
0.20050401,-0.277759326,2
0.241149369,1.013080743,1
0.820825852,-0.396456648,2
-0.402654256,0.827925872,1
-0.055114081,0.485207715,2
0.483854913,-0.532483442,2
0.701268882,0.756026866,1
0.354889907,-0.421902372,2
0.34118434,-0.156545537,2
0.907084951,0.183883043,1
0.953608929,-0.441169721,2
2.100495093,0.037751391,2
-0.364303407,0.921152569,1
0.454669875,-0.337862518,2
0.648560828,0.71086001,1
1.237734818,-0.42696322,2
0.044991199,0.893648117,1
0.12401935,0.95330118,1
0.270827935,-0.094169442,2
0.662173124,-0.589786419,2
1.941929139,0.150104882,2
0.385498935,-0.043026388,2
0.731960167,0.844996775,1
-0.98454359,0.559136369,1
0.096815251,-0.001401595,2
0.279684357,0.042958631,2
0.911738646,0.08642236,1
0.091256487,0.10858703,2
0.378571486,0.802940509,1
-0.851078365,0.485032268,1
1.080572485,0.181778529,1
-0.873698253,0.426285482,1
0.061182175,0.28387335,2
1.004076669,0.255345444,1
-0.835646199,0.755364087,1
0.085136662,0.551587921,2
1.924540844,0.310221931,2
0.153822929,0.235512864,2
0.142929513,0.478273816,2
-0.899592992,0.553495049,1
0.647236472,-0.493053178,2
-0.260178847,0.806067499,1
0.800666699,0.726307429,1
0.055444581,0.097180599,2
-0.621232426,0.723718409,1
-0.388028401,0.91393673,1
1.1176755,0.342197593,1
-0.62113074,0.715504745,1
-1.076080282,0.274290964,1
1.453259203,-0.356545845,2
1.097699953,0.316200449,1
0.375542458,0.974203148,1
0.897556275,0.353289398,1
1.502948402,-0.171350256,2
1.00185707,-0.071900476,1
0.549539804,-0.298540412,2
2.038629443,0.198403008,2
-0.305677949,0.960977394,1
0.303192655,0.88541695,1
1.095012355,-0.558695055,2
0.232781901,1.000120242,1
0.829234347,0.640203695,1
-0.86479492,0.354285343,1
0.551537712,0.999034786,1
-0.955338818,0.044561012,1
1.128286366,-0.416560721,2
1.384182497,-0.232088658,2
0.301039184,0.963275892,1
-0.813307613,0.411652315,1
0.38557946,-0.516870023,2
1.64924827,-0.264189199,2
0.760011861,0.655600236,1
1.30360805,-0.445942643,2
0.269130987,-0.237844898,2
0.10357472,0.178572666,2
0.987455962,-0.528434821,2
1.594864145,-0.199005993,2
0.799070592,0.503351108,1
1.506259197,-0.418103173,2
0.574040791,-0.332624527,2
-0.098486839,1.025576965,1
1.907553829,0.104059406,2
0.366841857,0.981112844,1
-0.958021197,0.277756437,1
-0.62950522,0.79577913,1
-0.652900292,0.525057348,1
-0.892932293,0.102681504,1
0.265523591,-0.223227224,2
1.426281989,-0.393486798,2
0.122533365,-0.055070466,2
2.035575101,0.031191243,2
0.183764021,-0.152782064,2
-0.803721238,0.27954867,1
-0.959024917,0.192524201,1
0.243155905,0.047559317,2
2.142716287,0.254653552,2
-0.024819117,0.230053419,2
-0.970794449,-0.080410164,1
-0.674578285,0.760800771,1
0.498370496,0.964766862,1
0.854699212,0.507977903,1
0.903120045,0.21544028,1
-0.378010543,0.997814181,1
-0.898851099,0.226456318,1
1.287909194,-0.515840946,2
-0.201092902,0.904554249,1
0.307734629,0.92398274,1
0.851375115,0.275168,1
0.129014513,0.157429435,2
0.068230606,0.957434541,1
-0.834057298,0.642668128,1
0.186303709,0.002288156,2
1.931982672,0.179942732,2
0.481205801,0.824398935,1
0.957503407,0.092223591,1
0.411909695,-0.388097613,2
0.764648019,0.76723275,1
-1.04571643,0.311323014,1
2.02742371,0.441452291,2
1.030531453,-0.475022263,2
0.118319873,0.167992251,2
1.476216182,-0.259300814,2
0.339767422,1.06298842,1
0.616547673,0.925432258,1
0.804358583,0.7307541,1
-0.742565681,0.829157048,1
1.07432663,-0.61109248,2
1.234584478,-0.204483199,2
1.75985256,0.388381603,2
-0.016606694,0.307774105,2
2.054084343,0.178733971,2
0.779843062,0.31345616,1
-0.82296662,0.429213846,1
1.05518923,0.14123976,1
0.231348093,-0.085720257,2
-1.051771366,0.33125733,1
0.95188609,-0.429037545,2
-0.021225389,1.149499227,1
-0.468107025,0.856439662,1
0.930074816,0.602541477,1
0.618360885,0.661798235,1
-0.656015137,0.720622201,1
-0.222462028,1.044472527,1
-0.180594203,1.045222889,1
-0.466195494,0.791726771,1
-0.474094138,0.975104273,1
0.405551343,-0.241706888,2
0.600248631,-0.285363068,2
0.343112088,1.035382581,1
-0.842290223,0.304241732,1
0.168040647,0.042575615,2
-0.602275614,0.798222805,1
-0.682437353,0.72122719,1
2.03302306,0.307603284,2
0.301455985,-0.083640671,2
0.846603802,0.362082874,1
-0.811892858,0.530457525,1
0.133384637,0.940149714,1
0.742897045,-0.353460357,2
1.939231759,0.249240757,2
1.646763389,-0.088268533,2
-0.88365002,0.708920313,1
-1.070565933,0.017784,1
0.815838995,0.295837674,1
2.154636376,0.264804115,2
-0.668621913,0.467115635,1
1.194185523,0.222935751,1
-0.802900557,0.577148997,1
-0.169257573,1.031294643,1
1.567688479,-0.367384196,2
-1.029161658,0.445287048,1
1.448793572,-0.340703817,2
0.874640489,0.557581241,1
0.990681685,0.203820663,1
-0.299569709,0.93631116,1
0.889057742,-0.425259804,2
-0.377957923,0.889418503,1
0.525510579,0.836126334,1
0.856442394,-0.522993137,2
-0.298846583,0.755174059,1
0.888503342,-0.551182549,2
0.100638025,0.139592606,2
-0.252157268,0.967928984,1
2.026204882,-0.109001245,2
1.586332276,-0.359747228,2
0.630620603,0.868636429,1
1.71876498,-0.152830802,2
0.000921684,0.417775733,2
0.505736619,-0.259723434,2
1.708800943,-0.364922663,2
-0.913737066,0.72385611,1
-0.879768611,0.467689554,1
0.351001192,-0.179395549,2
1.38770142,-0.320536724,2
-0.131491109,0.866422324,1
-0.477145625,1.012833046,1
